text,embedding
"

BrightGoods Inc. – Returns, Refunds & Exchanges Policy
Effective Date: January 1, 2025 
Last Revised: March 15, 2025
At BrightGoods Inc., customer satisfaction is our top priority. We understand that sometimes, a 
product may not meet your expectations. Please review our return, refund, and exchange policies 
below to better understand your options.
1. General Return Policy
We accept returns for most items within 30 days of delivery, provided the item is in original 
condition and accompanied by proof of purchase. Returned items must be unused, unwashed, and 
in their original packaging.
•Items returned without original packaging may be subject to a 15% restocking fee.
•Products marked as Final Sale are not eligible for return or exchange.
2. Return Method Options
Customers can return items via:
•Prepaid shipping label provided by BrightGoods
•In-store return at any of our retail locations
Customers returning items by mail must ship the return within 7 business days of receiving the ","[-0.03158612176775932,-0.012852909974753857,0.03507593646645546,0.009247204288840294,0.019585156813263893,-0.01837584376335144,0.055937234312295914,0.02114858478307724,0.012707441113889217,0.009030626155436039,0.003770086681470275,-0.02394067496061325,-0.024319788441061974,0.01764753647148609,-0.017425986006855965,-0.010602017864584923,0.04430396109819412,0.009206932038068771,-0.10121262818574905,0.008155617862939835,0.014294219203293324,-0.058284323662519455,-0.07854119688272476,-0.07161976397037506,0.02293967455625534,-0.013539099134504795,-0.040333546698093414,0.0014180750586092472,-0.07715063542127609,-0.19232039153575897,-0.0054932390339672565,-0.060393575578927994,-0.0037367690820246935,-0.03801088407635689,-0.007106446195393801,-0.018422478809952736,-0.03079691343009472,-0.007615254260599613,-0.014505348168313503,0.00295557314530015,0.10552164167165756,0.015201377682387829,0.006395630072802305,-0.0016244526486843824,-0.015119425021111965,-0.026777246966958046,-0.01379573903977871,-0.017066610977053642,0.05787758156657219,-0.06355464458465576,0.052832357585430145,-0.00367572158575058,0.021465091034770012,0.004407485015690327,0.03234928846359253,0.09966332465410233,0.06954068690538406,0.03908618912100792,0.02703903242945671,0.031053531914949417,0.028722532093524933,0.007928584702312946,-0.22858662903308868,0.044755563139915466,0.009594173170626163,-0.0017147314501926303,-0.040161795914173126,-0.01886869966983795,0.004486005753278732,-0.007846119813621044,-0.027083536610007286,-0.0007382999174296856,0.04241494461894035,0.053533364087343216,0.024886479601264,-0.008543591946363449,0.03669119253754616,-0.06468351185321808,0.014130414463579655,0.034591127187013626,-0.03248942643404007,-0.0683334693312645,-0.014211572706699371,0.005961741786450148,0.018479183316230774,-0.0550161711871624,0.005468759685754776,-0.044557418674230576,0.07078731805086136,-0.013560737483203411,0.04768962413072586,-0.008528139442205429,-0.014385947957634926,0.002250832039862871,-0.08295395970344543,-0.06802497059106827,0.03551572188735008,0.0070959883742034435,-0.07083317637443542,0.2685973346233368,-0.028382524847984314,0.04588666930794716,0.07281585782766342,-0.0364958830177784,0.019516535103321075,-0.036579299718141556,-0.037990350276231766,0.01553625613451004,0.007018005475401878,-0.010559812188148499,-0.02521524578332901,-0.022846529260277748,0.06291042268276215,-0.05821181461215019,0.005582351703196764,0.04107925295829773,0.010932350531220436,-0.005445707123726606,0.0040327440947294235,-0.066676564514637,-0.022627346217632294,0.049435149878263474,0.06249001994729042,-0.04682425782084465,-0.05876271426677704,-0.05948518216609955,0.03514964506030083,0.0967072993516922,-0.012431254610419273,0.07245181500911713,0.030303604900836945,-0.06568319350481033,-0.021119186654686928,-0.05257168412208557,0.035070884972810745,0.024284187704324722,0.024210728704929352,-0.015558220446109772,0.037863947451114655,-0.0008906936855055392,0.0050476547330617905,-0.0921981930732727,-0.0189262256026268,-0.10610459744930267,0.023575741797685623,0.07317282259464264,-0.02180865779519081,0.027318386361002922,-0.07359249889850616,0.016187120229005814,-0.008306297473609447,-0.008615246042609215,-0.0029621890280395746,-0.04138655960559845,0.03686151280999184,0.02641383744776249,0.022053252905607224,0.030673837289214134,0.010987665504217148,0.013190527446568012,0.047627683728933334,-0.032659921795129776,-0.06090125814080238,0.06554800271987915,-0.016199583187699318,-0.0692017450928688,0.019326210021972656,0.004600918851792812,0.036935679614543915,-0.03906654193997383,0.005762182641774416,0.04651898145675659,-0.025917446240782738,0.010015388019382954,0.09042441099882126,0.022973841056227684,-0.03184224292635918,-0.04784591123461723,-0.02478685788810253,0.01308601163327694,0.05942117050290108,-0.0647677481174469,-0.05662800744175911,0.008184998296201229,0.08592855930328369,-0.02298470214009285,-0.010566785000264645,0.02488606981933117,0.0035144356079399586,0.07102426886558533,-0.02882029302418232,-0.051868293434381485,-0.0759565532207489,0.005513485055416822,-0.018665211275219917,-0.021527476608753204,-0.06360489130020142,-0.013133648782968521,0.05667387694120407,-0.011661821976304054,0.06606440246105194,-0.01785944029688835,-0.037729039788246155,0.019624562934041023,0.04245822876691818,0.08505143970251083,0.02272053249180317,-0.05971156805753708,0.05396154150366783,-0.018783915787935257,-0.060912370681762695,0.0741887167096138,0.05108087509870529,-0.014448490925133228,-0.06458500772714615,-0.012356984429061413,0.0030862356070429087,0.07312250882387161,-0.011330915614962578,0.022423921152949333,0.06908731907606125,-0.051573798060417175,-0.027187861502170563,-0.20533128082752228,0.054490406066179276,-0.028101347386837006,-0.03369247168302536,0.053925592452287674,-0.03678659349679947,0.05813748762011528,-0.008942090906202793,0.06895316392183304,0.08117403090000153,0.09821821004152298,0.01329608540982008,-0.005772100295871496,0.0240007396787405,-0.008490337058901787,0.022881818935275078,0.027788054198026657,-0.00545841408893466,0.012932132929563522,-0.03802402690052986,-0.01734199933707714,0.004488557111471891,0.01620493084192276,-0.06709302961826324,0.05066745728254318,-0.026906851679086685,0.1769220232963562,0.04552212357521057,-0.013269134797155857,-0.040422674268484116,0.009042980149388313,-0.009173702448606491,-0.026629751548171043,-0.08582103252410889,0.1043696403503418,0.048472631722688675,-0.0070689981803298,-0.023159952834248543,-0.014006238430738449,-0.04421893134713173,-0.017773408442735672,0.04191478341817856,-0.04795987904071808,-0.044407811015844345,0.03716845437884331,-0.013399702496826649,-0.03278836980462074,0.01406108308583498,-0.06534429639577866,0.06114056333899498,0.01723230630159378,-0.029036933556199074,-0.0007330278749577701,0.07188736647367477,0.04337945580482483,-0.037504758685827255,-0.07469084113836288,0.06018457189202309,-0.03866106644272804,0.010312001220881939,0.002537375083193183,-0.0363905243575573,-0.002701947232708335,-0.026773858815431595,0.050294701009988785,0.00509406253695488,0.031937792897224426,-0.043429579585790634,0.011207889765501022,-0.022558405995368958,-0.05322086811065674,0.0399005152285099,-0.04417723789811134,0.015585114248096943,0.03644036129117012,-0.018981313332915306,0.01682531274855137,-0.024145280942320824,-0.004545364063233137,0.009033516980707645,0.06827148795127869,-0.005811687093228102,0.042294878512620926,0.055750250816345215,0.06543891131877899,-0.038524236530065536,0.004497497342526913,0.006207520142197609,0.05130988731980324,-0.05376945436000824,0.013955245725810528,0.015490653924643993,-0.05052458494901657,-0.016551928594708443,0.02977154403924942,0.02079843357205391,-0.2822822630405426,0.031186433508992195,-0.03244044631719589,0.04170961678028107,-0.01434478908777237,0.029512664303183556,0.04596623405814171,0.030784972012043,-0.03671438619494438,0.025417957454919815,0.031712889671325684,0.04632804915308952,0.05696540325880051,-0.01688089221715927,0.007419881410896778,-0.004904036410152912,0.06916413456201553,0.015760738402605057,0.04630453139543533,-0.028995418921113014,0.00727189052850008,0.019488748162984848,0.21181708574295044,0.03680827096104622,-0.017910538241267204,0.05273176357150078,-0.015825945883989334,-0.0013370080851018429,0.030709488317370415,-0.009356005117297173,0.048882998526096344,0.029656052589416504,0.07269743084907532,-0.021355509757995605,0.06681706011295319,0.018763769418001175,-0.10271580517292023,0.0081836162135005,-0.007023181300610304,-0.0041287667118012905,-0.040636442601680756,-0.026477519422769547,-0.05496403947472572,-0.006232299376279116,0.0864708200097084,-0.03909055143594742,-0.05811399593949318,-0.06101881340146065,-0.0029221728909760714,0.02322833426296711,-0.05805884674191475,-0.0016601575771346688,-0.008082588203251362,0.019272640347480774,0.004070213530212641,-0.010759515687823296,-0.04995543509721756,-0.031510427594184875,-0.04496612027287483,-0.04501074180006981,0.015441648662090302,-0.055670250207185745,-0.014523467980325222,0.05084509775042534,0.007708866614848375]"
"by proof of purchase. Returned items must be unused, unwashed, and 
in their original packaging.
•Items returned without original packaging may be subject to a 15% restocking fee.
•Products marked as Final Sale are not eligible for return or exchange.
2. Return Method Options
Customers can return items via:
•Prepaid shipping label provided by BrightGoods
•In-store return at any of our retail locations
Customers returning items by mail must ship the return within 7 business days of receiving the 
return authorization email.
3. Refund Eligibility & Processing
•Approved refunds are issued to the original method of payment within 5–10 business days 
after we receive and inspect the return.
•If your original method of payment is no longer valid, a BrightGoods Store Credit will be 
issued.
•Shipping charges are non-refundable unless the return is due to a BrightGoods error.
4. Exchanges
•Exchanges are accepted for different sizes or colors of the same item.
•If the desired item is out of sto","[-0.036948855966329575,-0.014590201899409294,0.028685957193374634,0.011715559288859367,0.02930503338575363,-0.017819512635469437,0.06301471590995789,0.022260915488004684,0.0022282148711383343,0.002738276729360223,-0.0010682754218578339,-0.019680097699165344,-0.036653030663728714,0.020841650664806366,-0.01558125764131546,0.010891699232161045,0.05598124489188194,0.023672249168157578,-0.10787788778543472,0.011132152751088142,0.02223886363208294,-0.05075482651591301,-0.08026047050952911,-0.05801423639059067,0.04928765818476677,-0.0034843457397073507,-0.041320063173770905,0.006177007686346769,-0.06378655880689621,-0.21708601713180542,-0.011288858018815517,-0.05520102381706238,-0.007588101550936699,-0.027129072695970535,-0.005853868089616299,-0.03345661237835884,-0.016075121238827705,-0.022708706557750702,-0.02444959618151188,0.013652399182319641,0.0876087173819542,0.019900808110833168,-0.008267834782600403,0.001381288981065154,-0.024331767112016678,-0.032687220722436905,-0.009650757536292076,-0.022463804110884666,0.0817847028374672,-0.047083206474781036,0.04385226219892502,0.006270208861678839,0.016598550602793694,-0.009618247859179974,0.019976569339632988,0.10703656077384949,0.07842136919498444,0.027816807851195335,0.0635567158460617,0.028382424265146255,0.04077494144439697,0.023487268015742302,-0.22599534690380096,0.04653046280145645,0.023166857659816742,-0.0018274502363055944,-0.02778012678027153,-0.018385643139481544,0.024801691994071007,0.003846539882943034,-0.03134097903966904,0.01899540238082409,0.024133959785103798,0.0497996062040329,0.030446240678429604,-0.014032682403922081,0.025400223210453987,-0.07136418670415878,0.016289277002215385,0.01455516554415226,-0.0548744760453701,-0.04622134566307068,-0.015409360639750957,0.031374700367450714,-0.001824767328798771,-0.04640158638358116,-0.00846082717180252,-0.02166619338095188,0.052914876490831375,-0.00891632679849863,0.059268198907375336,-0.02107573114335537,-0.014319238252937794,-0.0028424032498151064,-0.09240158647298813,-0.08989094942808151,0.025324705988168716,0.00926267635077238,-0.04463280364871025,0.24568107724189758,-0.030330032110214233,0.04169309139251709,0.047399695962667465,-0.008869963698089123,0.013221541419625282,-0.041751518845558167,-0.02688981220126152,-0.003336544381454587,-0.008940914645791054,0.0027364022098481655,-0.04051021486520767,-0.010867590084671974,0.0759587362408638,-0.07619655132293701,0.000954782881308347,0.05883333832025528,-0.0064031514339149,-0.003835308365523815,0.0013678873656317592,-0.06484103202819824,-0.019158923998475075,0.023993302136659622,0.04734194278717041,-0.037177689373493195,-0.06859131902456284,-0.05838475376367569,0.05474391207098961,0.10087089985609055,0.00926177017390728,0.07921969145536423,0.014830452390015125,-0.10077740997076035,-0.022153381258249283,-0.03363858535885811,0.03650861978530884,0.0066169812344014645,0.03873966634273529,-0.009886660613119602,0.04207948222756386,-0.017084358260035515,0.007243421860039234,-0.10641437023878098,0.01758543588221073,-0.07349558174610138,0.011837764643132687,0.07481983304023743,-0.005329931154847145,0.02564724162220955,-0.08039658516645432,0.002312654862180352,-0.010669553652405739,0.001035008579492569,-0.022368354722857475,-0.05313590168952942,0.039000995457172394,0.01983066089451313,0.02367972768843174,0.020097268745303154,-0.0004922527587041259,0.026948174461722374,0.016998857259750366,-0.046589113771915436,-0.034077972173690796,0.08171635866165161,-0.022116554901003838,-0.06108809635043144,0.025004202499985695,0.005051710177212954,0.030950335785746574,-0.032389380037784576,-0.0008261470356956124,0.041624315083026886,-0.0267697274684906,0.012270788662135601,0.09634196013212204,0.0028053063433617353,-0.03602983430027962,-0.028590023517608643,-0.00337614631280303,0.0385090671479702,0.028727630153298378,-0.06672721356153488,-0.06927356123924255,0.01952109858393669,0.06414438784122467,-0.050224754959344864,-0.024881290271878242,0.008225814439356327,0.0013933760346844792,0.06653134524822235,-0.015772877261042595,-0.05948830023407936,-0.07106991112232208,-0.0068610655143857,-0.013496103696525097,-0.021059557795524597,-0.08570550382137299,-0.03236933425068855,0.044933270663022995,-0.0109926238656044,0.06921777874231339,0.01082384493201971,-0.018065521493554115,0.0044747707433998585,0.058142129331827164,0.07861549407243729,0.023716576397418976,-0.048785969614982605,0.06367688626050949,-0.00895629171282053,-0.07460588216781616,0.06260091811418533,0.04172981157898903,0.0033593405969440937,-0.05583624541759491,-0.006881719455122948,0.018567901104688644,0.055327560752630234,0.003684127703309059,0.0280712079256773,0.056759703904390335,-0.050461456179618835,-0.018743770197033882,-0.20596815645694733,0.06289025396108627,0.010282410308718681,-0.030998049303889275,0.05809914693236351,-0.05482029169797897,0.06461004912853241,-0.03200420364737511,0.05302102491259575,0.06573157012462616,0.09350786358118057,0.0026923040859401226,-0.014489172957837582,0.03245503082871437,-0.003931848332285881,0.03281230106949806,0.011950350366532803,0.016225337982177734,0.020083608105778694,-0.038623083382844925,-0.030409544706344604,0.017676547169685364,0.008409860543906689,-0.04381001368165016,0.05123453587293625,-0.010754714719951153,0.20248597860336304,0.03192291408777237,-0.019978422671556473,-0.04510859400033951,0.014940786175429821,-0.004510880913585424,-0.03369301185011864,-0.08325890451669693,0.09829961508512497,0.055610477924346924,-0.007724673021584749,-0.023595601320266724,0.00963010173290968,-0.03197601065039635,-0.012811421416699886,0.041726261377334595,-0.025592131540179253,-0.04038706421852112,0.035694874823093414,0.0009793398203328252,-0.04861941188573837,0.012893269769847393,-0.06499995291233063,0.045677654445171356,0.007116542663425207,-0.02174663171172142,0.00888762716203928,0.06617619842290878,0.02523864060640335,-0.048302460461854935,-0.06647732853889465,0.043804019689559937,-0.03322868421673775,0.02178911305963993,-0.015072165988385677,-0.03861112520098686,-0.005377177149057388,-0.04168145731091499,0.05154592543840408,0.009781760163605213,0.020560365170240402,-0.031195826828479767,0.006975628901273012,-0.059919409453868866,-0.057448115199804306,0.024372341111302376,-0.04407229647040367,0.013818749226629734,0.03833263739943504,-0.009520886465907097,-0.002662897575646639,-0.0247610192745924,0.004817778244614601,0.01803748682141304,0.05911390110850334,-0.007208346854895353,0.04964364692568779,0.04983595013618469,0.06961965560913086,-0.014742807485163212,0.000282522029010579,-0.01687641814351082,0.04308859258890152,-0.03707413002848625,-0.006848419550806284,0.02150515466928482,-0.05808288976550102,-0.002267684554681182,0.012025059200823307,-0.009893015958368778,-0.2890807092189789,0.007875402458012104,-0.003823104314506054,0.06892263889312744,-0.01319427601993084,0.020809751003980637,0.05450279265642166,0.035637710243463516,-0.08561312407255173,0.009415032342076302,0.02322343923151493,0.03747100383043289,0.05618903413414955,-0.03180878981947899,0.02509748935699463,-0.004236397333443165,0.08777835965156555,0.004742899909615517,0.05899268016219139,-0.04995071142911911,0.016187433153390884,0.00933510810136795,0.19833683967590332,0.020468611270189285,-0.011809983290731907,0.045646727085113525,0.0014147276524454355,0.012252546846866608,0.03238439932465553,-0.0205217432230711,0.06860914081335068,0.020850758999586105,0.07817774266004562,-0.02758689783513546,0.05938543751835823,-0.004563027061522007,-0.08950595557689667,0.010918929241597652,0.025927141308784485,-0.015822507441043854,-0.04383034259080887,-0.041729770600795746,-0.07155277580022812,-0.011800188571214676,0.08207930624485016,-0.04919525235891342,-0.048876695334911346,-0.05945809185504913,-0.013091073371469975,0.016143929213285446,-0.03820962458848953,0.009452528320252895,0.001246841624379158,0.01356355007737875,0.01734873466193676,0.003814321244135499,-0.044409699738025665,-0.015320160426199436,-0.019220881164073944,-0.03545880690217018,0.03056715428829193,-0.05158209800720215,-0.008878805674612522,0.0592525340616703,0.023157916963100433]"
"
return authorization email.
3. Refund Eligibility & Processing
•Approved refunds are issued to the original method of payment within 5–10 business days 
after we receive and inspect the return.
•If your original method of payment is no longer valid, a BrightGoods Store Credit will be 
issued.
•Shipping charges are non-refundable unless the return is due to a BrightGoods error.
4. Exchanges
•Exchanges are accepted for different sizes or colors of the same item.
•If the desired item is out of stock, a refund will be issued instead.
•Exchanges must be initiated within 30 days of delivery.

5. Defective or Damaged Items
If you receive a defective or damaged item:
•Contact our support team within 7 days of delivery.
•Include photos and your order number in your email.
•We will send a replacement or issue a refund at no additional cost.
6. Exceptions & Non-Returnable Items
The following items are non-returnable:
•Gift cards
•Personalized/customized items
•Perishable goods (e.g., food, plant","[-0.041130710393190384,-0.011203175410628319,0.018484188243746758,-0.009510853327810764,0.018416570499539375,-0.024267420172691345,0.06941268593072891,0.021798819303512573,-0.016559811308979988,-0.013547675684094429,-0.005576741881668568,-0.02216160111129284,-0.022300077602267265,0.008611059747636318,-0.02855703793466091,0.004991678521037102,0.04196145758032799,0.0011701378971338272,-0.09150495380163193,0.019457979127764702,0.018770506605505943,-0.04551238939166069,-0.06856104731559753,-0.04653380811214447,0.03445268049836159,0.022720035165548325,-0.02790258266031742,0.008761363103985786,-0.07624834030866623,-0.20800356566905975,-0.007380956783890724,-0.046896517276763916,0.007475388236343861,-0.019278986379504204,-0.009251798503100872,-0.03284933418035507,-0.03439413011074066,-0.021936476230621338,-0.01575845293700695,0.0031932659912854433,0.10206630825996399,0.021110445261001587,-0.023567460477352142,-0.01963253691792488,-0.002279219450429082,-0.03387846797704697,-0.027758758515119553,-0.017803534865379333,0.07897087186574936,-0.03698376193642616,0.02446950413286686,-0.015293560922145844,0.056233156472444534,0.01852520741522312,0.02881750278174877,0.09887193888425827,0.08097248524427414,0.04260075464844704,0.04486498609185219,0.02036571130156517,0.026664843782782555,0.030887603759765625,-0.21517910063266754,0.047372475266456604,0.013929064385592937,0.000938231882173568,-0.023224521428346634,-0.0457424633204937,-0.0004753453831654042,0.003044439945369959,-0.04147505387663841,0.023646410554647446,0.018195200711488724,0.04226742684841156,0.03924277052283287,-0.005056539550423622,0.034463781863451004,-0.049263812601566315,0.025971191003918648,0.0324246846139431,-0.05558530241250992,-0.05510030686855316,-0.01987839862704277,0.0317675955593586,0.002947961213067174,-0.024409987032413483,-0.007553477305918932,-0.01726287044584751,0.031244521960616112,0.006756993476301432,0.04407302290201187,-0.011241440661251545,-0.013473196886479855,-0.0034531131386756897,-0.09749626368284225,-0.09685024619102478,0.035490185022354126,-0.009273490868508816,-0.03770778328180313,0.2594051659107208,-0.02108694240450859,0.04542764648795128,0.03600865229964256,-0.024938326328992844,0.03393254801630974,-0.03539295122027397,-0.034088727086782455,0.0030343548860400915,-0.010616427287459373,-0.018024101853370667,-0.0401606485247612,-0.01791338063776493,0.08599326014518738,-0.06865651160478592,-0.0055331275798380375,0.0560305118560791,-0.004905153531581163,-0.003862450597807765,0.02023524045944214,-0.05263091251254082,-0.0018017260590568185,0.05600721016526222,0.05297588184475899,-0.04001792147755623,-0.06163325905799866,-0.050480980426073074,0.05423548445105553,0.11787661164999008,-0.0011213913094252348,0.08651117235422134,0.0363987497985363,-0.06787264347076416,-0.026709705591201782,-0.03933696448802948,0.03051287680864334,0.01951565407216549,0.01032691728323698,-0.02339692786335945,0.03310840204358101,-0.025381214916706085,0.0039993878453969955,-0.11307170242071152,-0.012408478185534477,-0.09316769242286682,0.002292928984388709,0.07093145698308945,-0.031850095838308334,0.0194306131452322,-0.08284933865070343,0.004260211251676083,-0.034799974411726,0.01703299768269062,-0.0038551907055079937,-0.03915572538971901,0.03074912540614605,0.02212640643119812,0.03043687343597412,0.0030768574215471745,0.0023165885359048843,0.02789575606584549,0.03479931876063347,-0.03829900547862053,-0.05239967256784439,0.0577024444937706,0.00007209057366708294,-0.07495333254337311,0.033042553812265396,0.017862539738416672,0.05053501948714256,-0.02550187148153782,-0.0026223829481750727,0.05232445150613785,-0.028890028595924377,0.019305704161524773,0.09344315528869629,-0.000026233057724311948,-0.024433579295873642,-0.01572098769247532,-0.004671391565352678,0.04560496658086777,0.04644942283630371,-0.06866563856601715,-0.047723133116960526,0.01240011490881443,0.046107787638902664,-0.041117072105407715,-0.013066567480564117,0.027184704318642616,0.013615676201879978,0.046176403760910034,-0.031487926840782166,-0.04969117045402527,-0.08043114840984344,-0.0020696050487458706,-0.00819490384310484,-0.05136088281869888,-0.06483437120914459,-0.031132163479924202,0.04463743790984154,-0.004092245828360319,0.09461992233991623,-0.021194757893681526,-0.017690107226371765,0.033101342618465424,0.06111906096339226,0.07988157868385315,0.004992315545678139,-0.03351780027151108,0.057617682963609695,-0.00804920494556427,-0.0749443843960762,0.05795947089791298,0.031361132860183716,-0.03313073515892029,-0.03768915310502052,0.018428100273013115,0.009339786134660244,0.06832743436098099,0.004329604096710682,0.03912670910358429,0.07722047716379166,-0.041112374514341354,-0.0024010557681322098,-0.1976061314344406,0.05846342071890831,-0.015847431495785713,-0.01884274370968342,0.058991849422454834,-0.05963192507624626,0.05023945868015289,-0.04297516867518425,0.041894763708114624,0.08352945744991302,0.08734425157308578,0.020514754578471184,0.00461824843659997,0.03258069232106209,0.02702920138835907,0.0323805995285511,0.010289172641932964,0.014163841493427753,0.018668465316295624,-0.012865535914897919,-0.04818093031644821,0.010672880336642265,0.005290097091346979,-0.058298829942941666,0.03724941238760948,-0.013896710239350796,0.19281981885433197,0.02107664942741394,-0.021977094933390617,-0.03823040798306465,0.017849629744887352,-0.005261422600597143,-0.0188946183770895,-0.11845008283853531,0.09240490198135376,0.047958701848983765,-0.029798930510878563,-0.03938568755984306,0.0035782563500106335,-0.02433677762746811,-0.021252106875181198,0.0390830896794796,-0.027331102639436722,-0.03273956477642059,0.020124096423387527,0.003451648401096463,-0.053970348089933395,0.013725093565881252,-0.050928011536598206,0.040387749671936035,0.014954798854887486,-0.04099084064364433,-0.0066413856111466885,0.07800686359405518,0.04552878439426422,-0.05209450051188469,-0.045023590326309204,0.07716302573680878,-0.031294938176870346,0.02215515449643135,-0.0008784218225628138,-0.06427233666181564,0.0036103061866015196,-0.03019600547850132,0.07803527265787125,-0.000769581354688853,0.023780614137649536,-0.03905469551682472,0.013758069835603237,-0.04771338030695915,-0.050421711057424545,0.027408486232161522,-0.055951859802007675,-0.0011860562954097986,0.0597914457321167,-0.008677761070430279,0.02588554285466671,-0.044185344129800797,0.016986802220344543,-0.008592182770371437,0.05328579246997833,-0.02048131637275219,0.058914218097925186,0.035971272736787796,0.05054645985364914,-0.015518384985625744,0.006159250624477863,-0.01732158474624157,0.03989594802260399,-0.05239688977599144,-0.0033447083551436663,0.016236526891589165,-0.061727605760097504,-0.005800632294267416,0.006787026766687632,0.015513601712882519,-0.28995898365974426,0.023958628997206688,0.012041526846587658,0.03015914186835289,0.01042712852358818,0.016595037654042244,0.03570334613323212,0.027232881635427475,-0.08217739313840866,0.0031241702381521463,0.02044883742928505,0.029026754200458527,0.031917836517095566,-0.04537097364664078,0.027071218937635422,0.007238275837153196,0.06576869636774063,-0.020130574703216553,0.02685430459678173,-0.04731125384569168,0.015805764123797417,0.04040941223502159,0.20484784245491028,0.0064517599530518055,-0.040064629167318344,0.058148276060819626,-0.008553823456168175,0.006480733398348093,0.025687674060463905,-0.03190015256404877,0.06253228336572647,0.019683368504047394,0.08129198104143143,-0.031034555286169052,0.07855150103569031,0.004304483998566866,-0.09832590818405151,0.03122294507920742,0.009561065584421158,-0.02056545577943325,-0.05266864597797394,-0.025774691253900528,-0.0677071213722229,-0.01665821671485901,0.07955346256494522,-0.0453023761510849,-0.04718038812279701,-0.061784207820892334,-0.013501008972525597,0.041744064539670944,-0.01721341535449028,-0.007002138067036867,-0.003199134487658739,0.03232470899820328,-0.0027854819782078266,0.01748969778418541,-0.05029793083667755,-0.009226364083588123,-0.02467264235019684,-0.02292107604444027,0.023111777380108833,-0.04088086262345314,0.00014045809803064913,0.058104436844587326,-0.0001660344860283658]"
"ck, a refund will be issued instead.
•Exchanges must be initiated within 30 days of delivery.

5. Defective or Damaged Items
If you receive a defective or damaged item:
•Contact our support team within 7 days of delivery.
•Include photos and your order number in your email.
•We will send a replacement or issue a refund at no additional cost.
6. Exceptions & Non-Returnable Items
The following items are non-returnable:
•Gift cards
•Personalized/customized items
•Perishable goods (e.g., food, plants)
•Opened health and hygiene products (e.g., toothbrushes, underwear)
7. Holiday Return Extensions
Items purchased between November 15 and December 25 are eligible for return through January 
31 of the following year, provided all other conditions are met.
8. International Returns
International customers are responsible for return shipping. Duties, taxes, and original shipping fees 
are non-refundable.
9. How to Initiate a Return
To initiate a return:
1.Log into your BrightGoods account.
2.Sele","[-0.04863806441426277,0.007324442733079195,0.06941962242126465,-0.008847683668136597,0.0072329044342041016,-0.03346889093518257,0.06304279714822769,0.030474714934825897,0.0039561535231769085,-0.0025032616686075926,0.017498645931482315,-0.022266337648034096,-0.03192092105746269,0.03634288161993027,-0.013876532204449177,0.012962237000465393,0.025010494515299797,-0.005855457857251167,-0.10383917391300201,0.019703784957528114,0.0377221405506134,-0.039502620697021484,-0.05140576511621475,-0.048306021839380264,0.012626192532479763,0.021906733512878418,-0.010552660562098026,0.0034331229981034994,-0.0729384571313858,-0.21271392703056335,-0.0294575747102499,-0.043784867972135544,-0.028356827795505524,-0.016088422387838364,-0.00630608107894659,-0.031449094414711,-0.04022790491580963,-0.009182016365230083,-0.017644746229052544,0.009951222687959671,0.0883231982588768,0.03121359460055828,-0.004380735568702221,-0.02760438621044159,0.00743583869189024,-0.06642186641693115,-0.010525600053369999,-0.018905790522694588,0.06520112603902817,-0.05492923781275749,0.0222333837300539,-0.014409073628485203,0.04520641267299652,0.024014100432395935,0.024571169167757034,0.0899398997426033,0.0658813863992691,0.033218543976545334,0.061055149883031845,0.03811162710189819,0.02231455221772194,0.021022077649831772,-0.21827206015586853,0.06825230270624161,0.031373344361782074,0.020340027287602425,-0.025007260963320732,-0.015622217208147049,0.021055757999420166,0.006688292138278484,-0.023562254384160042,0.009379592724144459,0.026662971824407578,0.042468052357435226,0.03930985927581787,-0.014321386814117432,0.043730806559324265,-0.0495375394821167,0.018895016983151436,0.04020152986049652,-0.036727868020534515,-0.06369253993034363,-0.013186924159526825,0.010897059924900532,0.011125939898192883,-0.03931901976466179,-0.009995896369218826,-0.04139033332467079,0.03244731202721596,-0.0005864776321686804,0.04537307098507881,-0.003755360608920455,-0.02502179704606533,0.015132087282836437,-0.09777773171663284,-0.08117274940013885,0.041780147701501846,-0.005844428203999996,-0.063274085521698,0.24888285994529724,-0.025947347283363342,0.03772988170385361,0.045631393790245056,-0.019791772589087486,0.008569414727389812,-0.018944550305604935,-0.019513597711920738,-0.007956723682582378,-0.017612352967262268,-0.02144031599164009,-0.03989357501268387,-0.019258279353380203,0.07398276031017303,-0.07618734240531921,-0.00043544062646105886,0.033136021345853806,0.002688376698642969,-0.0083861593157053,0.016082433983683586,-0.05540281534194946,-0.0004808802914340049,0.030364597216248512,0.06578955054283142,-0.05192246660590172,-0.06942789256572723,-0.04329178109765053,0.051917433738708496,0.10168793797492981,-0.006710160989314318,0.07210338115692139,0.028514722362160683,-0.07697378844022751,-0.03530463948845863,-0.036781348288059235,0.0373363234102726,0.008009633980691433,0.014821981079876423,-0.03174066171050072,0.03729647770524025,-0.01910688541829586,0.006410813890397549,-0.13381685316562653,0.0014991628704592586,-0.07932776212692261,-0.0016357803251594305,0.07358138263225555,-0.032377127557992935,0.03739014267921448,-0.08991232514381409,-0.01008421927690506,-0.026072658598423004,-0.005947278346866369,0.009869782254099846,-0.049864694476127625,0.0417594276368618,0.010823691263794899,0.04575673118233681,0.005142219364643097,-0.0062451353296637535,0.030577167868614197,0.03948286920785904,-0.04954821243882179,-0.06989198923110962,0.0852588564157486,-0.004473202861845493,-0.0717516764998436,0.020172512158751488,0.010167976841330528,0.03570489585399628,-0.022709079086780548,0.014875845052301884,0.04540959373116493,-0.01456903200596571,0.011916057206690311,0.11478982120752335,0.007164926268160343,-0.017878560349345207,-0.013644290156662464,-0.023260867223143578,0.05072636157274246,0.044638071209192276,-0.05439763888716698,-0.06018901243805885,0.005834008101373911,0.06380994617938995,-0.03725869953632355,-0.011790120042860508,0.005651608109474182,0.039080582559108734,0.051773570477962494,-0.0400451198220253,-0.04140770062804222,-0.08249525725841522,0.0052416943944990635,0.010929002426564693,-0.04122002422809601,-0.07964025437831879,-0.03284063935279846,0.05991588532924652,-0.0037693374324589968,0.09181278198957443,-0.02176058292388916,0.01379665732383728,0.019545122981071472,0.051498401910066605,0.056188203394412994,0.015932731330394745,-0.04107648879289627,0.061205193400382996,-0.020551050081849098,-0.06350893527269363,0.06333868950605392,0.05289001017808914,-0.03192567452788353,-0.06337830424308777,0.00529076810926199,0.010380290448665619,0.04721103981137276,0.010071703232824802,0.057989701628685,0.06855741143226624,-0.05363046005368233,-0.004917400889098644,-0.20299771428108215,0.05189568176865578,-0.0061973584815859795,-0.022367119789123535,0.0525205060839653,-0.034803204238414764,0.051468461751937866,-0.031438522040843964,0.06284687668085098,0.08358976989984512,0.10027468204498291,0.008648272603750229,-0.023346683010458946,0.026046570390462875,-0.006350183393806219,0.022830773144960403,0.02467997930943966,0.011890018358826637,0.008972132578492165,-0.030167892575263977,-0.03744436800479889,0.029118262231349945,0.027609271928668022,-0.04638027772307396,0.03212285414338112,-0.022615507245063782,0.19381602108478546,0.017025049775838852,-0.022270498797297478,-0.0524383969604969,0.008859185501933098,0.0018083611503243446,-0.02317771315574646,-0.10765379667282104,0.08309537917375565,0.0368359312415123,-0.005212282296270132,-0.04002353176474571,-0.009896376170217991,-0.014288544654846191,0.011115086264908314,0.042898014187812805,-0.019953222945332527,-0.016310004517436028,0.026691490784287453,-0.005922459065914154,-0.0505857989192009,0.005836140364408493,-0.077979177236557,0.03896382823586464,0.003484168089926243,-0.036113448441028595,-0.0035470842849463224,0.08250848203897476,0.036986663937568665,-0.07285067439079285,-0.0660284161567688,0.045239757746458054,-0.003379496978595853,0.027587493881583214,-0.0035450072027742863,-0.026045355945825577,0.004654849413782358,-0.037733376026153564,0.04593318700790405,-0.0092817023396492,0.01860453002154827,-0.03826633095741272,-0.015404701232910156,-0.03211385756731033,-0.05867849662899971,0.030913271009922028,-0.03331715986132622,-0.011163244023919106,0.030014686286449432,-0.010449772700667381,0.01645764522254467,-0.03205779939889908,0.011990572325885296,0.013116921298205853,0.05505727604031563,-0.01665007323026657,0.05305599793791771,0.03883889690041542,0.051660433411598206,-0.018951809033751488,-0.004805469885468483,-0.01721760630607605,0.05798976868391037,-0.05514094978570938,0.011884264647960663,0.008821957744657993,-0.054763149470090866,-0.002738800598308444,0.022627297788858414,-0.0003894177498295903,-0.2958020269870758,0.013354859314858913,-0.005928569473326206,0.05953974276781082,-0.01761564053595066,0.032664310187101364,0.027770066633820534,0.025513969361782074,-0.065339595079422,-0.014383110217750072,0.022140908986330032,0.014779667370021343,0.04363958165049553,-0.019125906750559807,0.03158175200223923,-0.004343175329267979,0.07616806775331497,-0.0042109861969947815,0.061403147876262665,-0.035511139780282974,0.00254244077950716,0.036143895238637924,0.20746131241321564,0.012163503095507622,-0.01680043153464794,0.04948168992996216,-0.0075737782754004,-0.009790425188839436,0.022681303322315216,-0.02234341762959957,0.057324543595314026,0.02073945291340351,0.07169152051210403,-0.014833619818091393,0.06688940525054932,-0.003188891801983118,-0.08198202401399612,0.04960201308131218,0.019121607765555382,-0.03713153302669525,-0.05148714780807495,-0.02275761403143406,-0.04764614254236221,-0.004057769663631916,0.08972500264644623,-0.036610666662454605,-0.052892860025167465,-0.08677848428487778,0.001990001415833831,0.028526771813631058,-0.027439404278993607,0.0003238095378037542,-0.008492077700793743,0.0266730859875679,0.0013659201795235276,-0.002497750334441662,-0.028421569615602493,-0.0218531284481287,-0.02578636445105076,-0.028244677931070328,0.03737569600343704,-0.05204937607049942,-0.018878832459449768,0.04011150449514389,0.0019814511761069298]"
"s)
•Opened health and hygiene products (e.g., toothbrushes, underwear)
7. Holiday Return Extensions
Items purchased between November 15 and December 25 are eligible for return through January 
31 of the following year, provided all other conditions are met.
8. International Returns
International customers are responsible for return shipping. Duties, taxes, and original shipping fees 
are non-refundable.
9. How to Initiate a Return
To initiate a return:
1.Log into your BrightGoods account.
2.Select the order you wish to return.
3.Follow the prompts to request a return authorization.
4.Choose your return method.
For further assistance, please contact support@brightgoods.example or call 1-800-BRIGHT-1.
We reserve the right to update this policy at any time. Please review the latest version on our 
website before initiating a return.

Thank you for shopping with BrightGoods Inc.","[-0.023987511172890663,0.01703278161585331,0.06241339445114136,0.005865451414138079,0.015147996135056019,-0.02511443756520748,0.06362790614366531,0.041365597397089005,0.024366984143853188,0.0018492350354790688,0.021933486685156822,-0.01807079277932644,-0.04054943099617958,0.035812754184007645,0.003723910776898265,-0.02079489640891552,0.025121821090579033,0.01108561921864748,-0.11027699708938599,0.010424729436635971,0.04995697736740112,-0.046285323798656464,-0.05293825641274452,-0.05449654161930084,0.018088266253471375,0.012338562868535519,-0.02702435664832592,-0.014195099472999573,-0.07601574808359146,-0.18799041211605072,-0.02389068901538849,-0.04370348900556564,-0.015953242778778076,-0.03630240261554718,-0.0041522737592458725,-0.032603874802589417,-0.027634892612695694,0.008502960205078125,-0.0034303676802664995,0.007207983639091253,0.05960734188556671,0.032765623182058334,-0.010907435789704323,-0.026944542303681374,-0.01014883816242218,-0.04167148098349571,-0.02782568894326687,-0.0024067694321274757,0.03567316383123398,-0.05951699987053871,0.03949155658483505,0.0010359181324020028,0.03444574400782585,0.027383914217352867,0.03522445634007454,0.08485328406095505,0.044101424515247345,0.03470582142472267,0.04248320683836937,0.04308376833796501,0.03477073833346367,0.007882153615355492,-0.2372131496667862,0.07836753875017166,0.0031570065766572952,0.022930001839995384,-0.031784284859895706,0.010289578698575497,0.029335862025618553,-0.010766884312033653,-0.009962547570466995,0.006625869777053595,0.00684728566557169,0.0297380480915308,0.0077094826847314835,-0.0005465212743729353,0.050378210842609406,-0.04134839400649071,0.008812890388071537,0.03793574124574661,-0.03249427303671837,-0.058374155312776566,-0.019804004579782486,0.011486373841762543,0.019066104665398598,-0.05311410874128342,-0.0032694516703486443,-0.0643075481057167,0.060009781271219254,-0.002581182634457946,0.029847068712115288,-0.019421791657805443,-0.04209453612565994,0.005126381292939186,-0.10556764900684357,-0.07420068234205246,0.05418941378593445,0.010104994289577007,-0.062045443803071976,0.23463954031467438,-0.02422996796667576,0.02416197396814823,0.04125802591443062,-0.026435282081365585,0.005029571242630482,-0.026162801310420036,-0.013282530941069126,0.006604536436498165,-0.016934767365455627,-0.02549409307539463,-0.012566376477479935,-0.02808939665555954,0.07746335119009018,-0.06344066560268402,-0.00014560534327756613,0.017777273431420326,0.0012441732687875628,-0.009734245017170906,0.014325054362416267,-0.06258242577314377,-0.005200748331844807,0.024215081706643105,0.06769432872533798,-0.03342814743518829,-0.05839044600725174,-0.03967222943902016,0.05238194018602371,0.1139824390411377,-0.003879693802446127,0.05505497008562088,0.03124956786632538,-0.08713392913341522,-0.024444788694381714,-0.035203177481889725,0.035031478852033615,-0.005551353562623262,0.019506415352225304,-0.030979011207818985,0.04666561260819435,-0.01726370118558407,-0.011610819958150387,-0.10654635727405548,0.017500225454568863,-0.07163344323635101,-0.0030324161052703857,0.09540434181690216,-0.04793823882937431,0.040873024612665176,-0.09770938009023666,-0.005956730339676142,-0.01436570007354021,-0.003325647907331586,0.009358292445540428,-0.047369278967380524,0.04910723492503166,0.017155231907963753,0.04867858439683914,0.006374003831297159,-0.010975843295454979,0.013129512779414654,0.034545883536338806,-0.043401945382356644,-0.06589263677597046,0.0744757130742073,0.005569149274379015,-0.06443328410387039,0.030222851783037186,0.031370535492897034,0.0388706773519516,-0.024135854095220566,0.02062285877764225,0.03422374278306961,-0.02547113411128521,0.0011294574942439795,0.12914472818374634,0.01487097516655922,-0.008671741001307964,-0.03405676409602165,-0.029847370460629463,0.038986191153526306,0.024979623034596443,-0.05411712825298309,-0.056728798896074295,-0.006074286997318268,0.07006659358739853,-0.03504951670765877,-0.01409279927611351,0.0008371237199753523,0.03983320668339729,0.04789834842085838,-0.02382679283618927,-0.04577822610735893,-0.07898062467575073,-0.0057587469927966595,0.024657629430294037,-0.019726071506738663,-0.0819074958562851,-0.01585586927831173,0.05487494543194771,-0.01653270050883293,0.07755445688962936,-0.0344756580889225,-0.0018130786484107375,0.005970620550215244,0.05508531257510185,0.05108373984694481,0.029973432421684265,-0.048376187682151794,0.07426667213439941,-0.034492794424295425,-0.05097510665655136,0.06303513050079346,0.07498537003993988,-0.04247826337814331,-0.05705646798014641,0.008113150484859943,0.010304098017513752,0.03957013785839081,-0.01930924877524376,0.03201422840356827,0.07143934071063995,-0.04091228172183037,-0.019004331901669502,-0.20359760522842407,0.04130496084690094,-0.007524263113737106,-0.022007862105965614,0.043820466846227646,-0.03937003016471863,0.05932939052581787,-0.028801659122109413,0.05875389277935028,0.060039568692445755,0.10092055052518845,0.009427858516573906,-0.035002559423446655,0.040149372071027756,-0.023563778027892113,0.029935812577605247,0.032186996191740036,-0.006019676104187965,0.03212776035070419,-0.017744556069374084,-0.017446694895625114,0.0351913645863533,0.01901290751993656,-0.057051073759794235,0.019897619262337685,-0.03438648581504822,0.19586952030658722,0.043376825749874115,-0.01603148691356182,-0.05001143738627434,0.007378359790891409,-0.0038527087308466434,-0.02628150023519993,-0.1165381371974945,0.07761535048484802,0.029725614935159683,-0.0023694303818047047,-0.041694507002830505,-0.01289091445505619,-0.029520798474550247,0.001100169843994081,0.0504595972597599,-0.041616205126047134,-0.012542620301246643,0.029850725084543228,-0.01947741210460663,-0.03392118960618973,0.01742745004594326,-0.07570702582597733,0.030330540612339973,0.013023530133068562,-0.036550525575876236,0.021206695586442947,0.08187982439994812,0.02777996100485325,-0.07468906790018082,-0.06491461396217346,0.0448392853140831,-0.004004552960395813,0.019923193380236626,-0.005518661811947823,-0.029090868309140205,-0.003253953531384468,-0.02172255702316761,0.04298023134469986,-0.016580266878008842,0.02848869189620018,-0.0450282022356987,-0.005565119907259941,-0.02537509612739086,-0.06831268966197968,0.03163157030940056,-0.030374472960829735,0.00406584283336997,0.021376796066761017,-0.010194164700806141,0.008663089945912361,-0.02425231784582138,0.006188657134771347,0.0027494868263602257,0.06233479455113411,-0.03605110943317413,0.048984210938215256,0.0377022810280323,0.0659598782658577,-0.03442760929465294,0.021890932694077492,-0.016557136550545692,0.06278698146343231,-0.0807603970170021,0.012043778784573078,0.010241464711725712,-0.03595680370926857,-0.010356321930885315,0.02670401521027088,0.010402766056358814,-0.2943619191646576,0.01980227418243885,-0.005406660493463278,0.0641995221376419,-0.008946874178946018,0.04555249214172363,0.02968497760593891,0.023128816857933998,-0.06261317431926727,-0.0073885684832930565,0.04030351713299751,0.04964428395032883,0.054758183658123016,-0.0026250809896737337,0.020034460350871086,-0.010834534652531147,0.07434221357107162,0.024437138810753822,0.07804755121469498,-0.04033947363495827,0.02160513401031494,0.01665794476866722,0.21106396615505219,0.03992670774459839,-0.014425713568925858,0.038169119507074356,-0.01585913822054863,-0.018031936138868332,0.03598025068640709,-0.014796929433941841,0.04890524595975876,0.028487514704465866,0.06906970590353012,-0.01433030515909195,0.06042180582880974,-0.0002813454775605351,-0.07359101623296738,0.04726962372660637,0.021992534399032593,-0.03852782025933266,-0.053120311349630356,-0.008005587384104729,-0.07769455015659332,0.003929172642529011,0.085135817527771,-0.0584515780210495,-0.0634755864739418,-0.07127184420824051,0.012421711347997189,0.017751416191458702,-0.041520144790410995,-0.005958502646535635,-0.007821526378393173,0.009059888310730457,0.015116366557776928,-0.008064129389822483,-0.01235281117260456,-0.038000255823135376,-0.03521029278635979,-0.03620922192931175,0.03428119048476219,-0.05297452211380005,-0.037729281932115555,0.05067684128880501,0.012024697847664356]"
"ct the order you wish to return.
3.Follow the prompts to request a return authorization.
4.Choose your return method.
For further assistance, please contact support@brightgoods.example or call 1-800-BRIGHT-1.
We reserve the right to update this policy at any time. Please review the latest version on our 
website before initiating a return.

Thank you for shopping with BrightGoods Inc.","[-0.02386758103966713,-0.009470322169363499,0.025974959135055542,-0.010504765436053276,-0.008471453562378883,0.015251897275447845,0.05395558848977089,0.03242262452840805,0.02258635312318802,-0.0009791217744350433,0.022940753027796745,-0.02530924789607525,-0.020095936954021454,-0.005935583263635635,0.00030654267175123096,0.0016728369519114494,0.03179137036204338,0.026031820103526115,-0.087024986743927,0.0008118882542476058,0.035691071301698685,-0.042395468801259995,-0.06087149307131767,-0.0581459179520607,0.006655110511928797,-0.00910639762878418,-0.030895309522747993,0.016017714515328407,-0.0635078176856041,-0.19103629887104034,-0.0028032667469233274,-0.057449545711278915,0.009975039400160313,-0.05922402814030647,0.004173754248768091,-0.03606555610895157,-0.026455672457814217,0.015836728736758232,-0.012950160540640354,0.018948016688227654,0.07266254723072052,0.009396186098456383,-0.019674791023135185,-0.03684070706367493,-0.030474204570055008,-0.015003576874732971,-0.0030872714705765247,0.007269915658980608,0.08737587928771973,-0.04914814606308937,0.04109307751059532,0.004976763855665922,0.02810235694050789,0.0028241050895303488,0.0390707291662693,0.08594361692667007,0.06965379416942596,0.06516528129577637,0.053323302417993546,0.009405381046235561,0.06109219416975975,0.04384656250476837,-0.22757723927497864,0.08965849876403809,-0.003110781079158187,0.005110414233058691,-0.024571210145950317,-0.023744165897369385,0.02236820198595524,0.03351287916302681,-0.007157520856708288,-0.007376493886113167,0.02273396961390972,0.08087284117937088,0.013005252927541733,-0.0041805231012403965,0.013681291602551937,-0.031770579516887665,0.02960900217294693,0.010265237651765347,-0.049176041036844254,-0.03966611251235008,-0.030563602223992348,0.023399587720632553,0.03265657648444176,-0.0361165814101696,0.019916389137506485,-0.022841360419988632,0.08029736578464508,0.008777300827205181,0.013871542178094387,-0.014003301970660686,0.005267081782221794,0.03602082282304764,-0.11172883957624435,-0.05864892154932022,0.038873493671417236,0.008279417641460896,-0.06842561811208725,0.23291712999343872,0.009523713029921055,0.03680091351270676,0.03447679430246353,-0.00793982669711113,0.020072806626558304,-0.04575696587562561,-0.03026624396443367,-0.00782506912946701,0.008928200230002403,-0.004083861131221056,0.004759247414767742,0.007872860878705978,0.05769962817430496,-0.0711846724152565,0.005780288018286228,0.0318586491048336,0.010205003432929516,-0.005838286597281694,0.018333986401557922,-0.07091102749109268,-0.014475478790700436,0.03610549122095108,0.05415256693959236,-0.039646878838539124,-0.03943375498056412,-0.08504647016525269,0.044497109949588776,0.11815553158521652,-0.009211018681526184,0.07910574972629547,0.03999510034918785,-0.07034111022949219,-0.03881480544805527,-0.0529525950551033,0.0355757400393486,0.02214185893535614,0.01151000801473856,-0.034764908254146576,0.020107721909880638,-0.03429868817329407,0.004266395699232817,-0.11050724238157272,-0.02486666850745678,-0.07607152312994003,0.014369798824191093,0.10064951330423355,-0.05049543082714081,0.022785576060414314,-0.10333140939474106,-0.009944047778844833,0.004591918550431728,-0.011840048246085644,-0.012036607600748539,-0.029273128136992455,0.027037592604756355,0.04524045065045357,0.022769391536712646,0.04011816158890724,-0.0027282319497317076,0.013144807890057564,0.028022991493344307,-0.04431723430752754,-0.05377519875764847,0.0737256109714508,0.0014237860450521111,-0.039412207901477814,0.014532097615301609,0.008698036894202232,0.033076170831918716,-0.040296442806720734,0.017084350809454918,0.05833600461483002,-0.044621702283620834,0.02547389827668667,0.11790812015533447,0.030697926878929138,-0.01974908635020256,-0.05126700550317764,-0.007247322704643011,0.03656868636608124,0.04154039919376373,-0.06829839199781418,-0.023438869044184685,0.003513874253258109,0.079289011657238,-0.0183185376226902,-0.00550261652097106,0.00047535536577925086,0.00988121796399355,0.043551504611968994,-0.029447568580508232,-0.015073639340698719,-0.05541286617517471,-0.0288409236818552,-0.038319434970617294,-0.02849193662405014,-0.06761861592531204,-0.017668338492512703,0.053877003490924835,-0.005722712259739637,0.08221530169248581,0.008566370233893394,-0.06928475201129913,0.02657536417245865,0.027901120483875275,0.08017350733280182,0.013911476358771324,-0.05324247106909752,0.07877596467733383,-0.0373104102909565,-0.04386978596448898,0.06293992698192596,0.06100784242153168,-0.022612135857343674,-0.04531387612223625,-0.021278072148561478,0.029552029445767403,0.06296875327825546,-0.01661868207156658,0.00271004275418818,0.0691947489976883,-0.02648656815290451,-0.02055954746901989,-0.22997529804706573,0.04201813042163849,-0.04033292829990387,-0.04144493490457535,0.02212783694267273,-0.04093156382441521,0.07283317297697067,-0.020931968465447426,0.028038904070854187,0.10539774596691132,0.09674964845180511,0.0016041171038523316,-0.0027751263696700335,0.03765175864100456,0.01625356636941433,0.02628973498940468,0.03916541486978531,-0.007171074394136667,0.025640010833740234,-0.035675421357154846,0.018239028751850128,-0.004961984697729349,-0.01890234276652336,-0.11318345367908478,0.03756718337535858,-0.020061947405338287,0.18942572176456451,0.057788312435150146,-0.0153002655133605,-0.03595283627510071,-0.0032029913272708654,-0.02592487633228302,-0.02534385770559311,-0.10797645151615143,0.06887069344520569,0.022331448271870613,-0.01154695451259613,-0.0041362326592206955,-0.005418419372290373,-0.05436244234442711,-0.014408634975552559,0.030765263363718987,-0.05601002275943756,-0.05028461664915085,0.04892120510339737,-0.023138033226132393,-0.07251667231321335,0.05830301344394684,-0.06466555595397949,0.04838520660996437,0.012088033370673656,-0.007556972559541464,-0.016773084178566933,0.0688418298959732,0.004601849243044853,-0.03780551999807358,-0.08804097026586533,0.04351536184549332,-0.0012672730954363942,0.01272561214864254,0.0003282724355813116,-0.0204803217202425,0.006752845831215382,-0.03890141099691391,0.06379364430904388,-0.010979821905493736,0.022384200245141983,-0.06497082114219666,0.05294995754957199,-0.03084663487970829,-0.0390133261680603,0.019474726170301437,-0.036196209490299225,0.012528893537819386,0.03802815452218056,0.0056391311809420586,0.012493932619690895,-0.030609101057052612,0.00424466235563159,-0.026370536535978317,0.051978643983602524,-0.02466955967247486,0.056517645716667175,0.005078626796603203,0.0439164824783802,-0.022003306075930595,0.031105661764740944,0.006691960152238607,0.04032714292407036,-0.04742588847875595,-0.01367273274809122,0.02442990057170391,-0.030610593035817146,-0.02707684598863125,0.026003580540418625,0.01598406210541725,-0.2714930474758148,0.03913049027323723,-0.011760522611439228,0.06442731618881226,-0.007007702253758907,0.02902325615286827,0.03478031978011131,-0.004633058328181505,-0.05520376190543175,-0.0010384982451796532,0.0026141006965190172,0.0446658656001091,0.036159880459308624,-0.01514567993581295,-0.009517161175608635,-0.011309225112199783,0.04455457255244255,-0.008134989999234676,0.010316194035112858,-0.052976712584495544,0.020437132567167282,0.017476748675107956,0.21982820332050323,0.025237731635570526,0.0005712605779990554,0.04012097790837288,-0.011021502315998077,0.011130783706903458,0.039140261709690094,-0.027081960812211037,0.0472150593996048,0.010417275130748749,0.061408087611198425,-0.01694202795624733,0.06903310120105743,0.0008679323364049196,-0.07158509641885757,-0.01891981065273285,-0.0029928842559456825,0.0023750655818730593,-0.04996965453028679,0.005361424293369055,-0.06880547106266022,-0.00921733770519495,0.09808404743671417,-0.02704915590584278,-0.04111649468541145,-0.006622601300477982,0.0021698344498872757,0.05274040624499321,-0.0687713697552681,-0.01804191991686821,-0.018896328285336494,0.0003235953045077622,0.016231082379817963,-0.000588058028370142,-0.06253696978092194,-0.0361853651702404,-0.07557658106088638,-0.024986237287521362,0.012459179386496544,-0.07168067991733551,0.001581724383868277,0.0132353650406003,0.008893853984773159]"
